"Thu Apr  1 10:11:45 2021","aafc-aac","Agri-Environmental Indicator – Residual Soil Nitrogen","ca874ba4-e459-48c3-9f13-2dc443c97750","fgp","as_needed",1
"Thu Apr  1 10:32:53 2021","aafc-aac","Agri-Environmental Indicator – Residual Soil Nitrogen","ca874ba4-e459-48c3-9f13-2dc443c97750","fgp","as_needed",1
"Thu Apr  1 11:33:28 2021","aafc-aac","Agri-Environmental Indicator – Residual Soil Nitrogen","ca874ba4-e459-48c3-9f13-2dc443c97750","fgp","as_needed",1
"Thu Apr  1 12:39:55 2021","aafc-aac","Agri-Environmental Indicator – Residual Soil Nitrogen","ca874ba4-e459-48c3-9f13-2dc443c97750","fgp","as_needed",1
"Thu Apr  1 13:42:29 2021","statcan","Number of employees that complete tasks related to cyber security by industry and size of enterprise","07f43de0-0e7c-4923-9c9e-6cf7da06dc8a","primary","as_needed",1
"Thu Apr  1 14:34:24 2021","statcan","Number of employees that complete tasks related to cyber security by industry and size of enterprise","07f43de0-0e7c-4923-9c9e-6cf7da06dc8a","primary","as_needed",1
"Thu Apr  1 15:32:51 2021","statcan","Number of employees that complete tasks related to cyber security by industry and size of enterprise","07f43de0-0e7c-4923-9c9e-6cf7da06dc8a","primary","as_needed",1
"Thu Apr  1 16:45:11 2021","statcan","Number of employees that complete tasks related to cyber security by industry and size of enterprise","07f43de0-0e7c-4923-9c9e-6cf7da06dc8a","primary","as_needed",1
"Thu Apr  1 17:59:36 2021","tsb-bst","Rail transportation safety investigation report R19E0150","44c14268-1a2c-467d-ba15-14668dab1c56","publication","not_planned",1
"Thu Apr  1 18:46:05 2021","tsb-bst","Rail transportation safety investigation report R19E0150","44c14268-1a2c-467d-ba15-14668dab1c56","publication","not_planned",1
"Thu Apr  1 19:40:04 2021","tsb-bst","Rail transportation safety investigation report R19E0150","44c14268-1a2c-467d-ba15-14668dab1c56","publication","not_planned",1
"Thu Apr  1 20:33:05 2021","tsb-bst","Rail transportation safety investigation report R19E0150","44c14268-1a2c-467d-ba15-14668dab1c56","publication","not_planned",1
"Thu Apr  1 21:31:35 2021","tsb-bst","Rail transportation safety investigation report R19E0150","44c14268-1a2c-467d-ba15-14668dab1c56","publication","not_planned",1
"Thu Apr  1 22:58:18 2021","tsb-bst","Rail transportation safety investigation report R19E0150","44c14268-1a2c-467d-ba15-14668dab1c56","publication","not_planned",1
"Thu Apr  1 23:48:06 2021","tsb-bst","Rail transportation safety investigation report R19E0150","44c14268-1a2c-467d-ba15-14668dab1c56","publication","not_planned",1
"Fri Apr  2 01:09:35 2021","tsb-bst","Rail transportation safety investigation report R19E0150","44c14268-1a2c-467d-ba15-14668dab1c56","publication","not_planned",1
"Fri Apr  2 02:28:24 2021","tsb-bst","Rail transportation safety investigation report R19E0150","44c14268-1a2c-467d-ba15-14668dab1c56","publication","not_planned",1
"Fri Apr  2 03:42:06 2021","tsb-bst","Rail transportation safety investigation report R19E0150","44c14268-1a2c-467d-ba15-14668dab1c56","publication","not_planned",1
"Fri Apr  2 04:39:34 2021","tsb-bst","Rail transportation safety investigation report R19E0150","44c14268-1a2c-467d-ba15-14668dab1c56","publication","not_planned",1
"Fri Apr  2 05:37:45 2021","tsb-bst","Rail transportation safety investigation report R19E0150","44c14268-1a2c-467d-ba15-14668dab1c56","publication","not_planned",1
"Fri Apr  2 06:31:30 2021","tsb-bst","Rail transportation safety investigation report R19E0150","44c14268-1a2c-467d-ba15-14668dab1c56","publication","not_planned",1
"Fri Apr  2 07:35:19 2021","tsb-bst","Rail transportation safety investigation report R19E0150","44c14268-1a2c-467d-ba15-14668dab1c56","publication","not_planned",1
"Fri Apr  2 08:35:58 2021","tsb-bst","Rail transportation safety investigation report R19E0150","44c14268-1a2c-467d-ba15-14668dab1c56","publication","not_planned",1
"Fri Apr  2 09:34:58 2021","tsb-bst","Rail transportation safety investigation report R19E0150","44c14268-1a2c-467d-ba15-14668dab1c56","publication","not_planned",1
"Fri Apr  2 10:37:16 2021","tsb-bst","Rail transportation safety investigation report R19E0150","44c14268-1a2c-467d-ba15-14668dab1c56","publication","not_planned",1
"Fri Apr  2 11:32:08 2021","tsb-bst","Rail transportation safety investigation report R19E0150","44c14268-1a2c-467d-ba15-14668dab1c56","publication","not_planned",1
"Fri Apr  2 12:39:35 2021","tsb-bst","Rail transportation safety investigation report R19E0150","44c14268-1a2c-467d-ba15-14668dab1c56","publication","not_planned",1
"Fri Apr  2 13:40:31 2021","tsb-bst","Rail transportation safety investigation report R19E0150","44c14268-1a2c-467d-ba15-14668dab1c56","publication","not_planned",1
"Fri Apr  2 14:33:15 2021","tsb-bst","Rail transportation safety investigation report R19E0150","44c14268-1a2c-467d-ba15-14668dab1c56","publication","not_planned",1
"Fri Apr  2 15:30:34 2021","tsb-bst","Rail transportation safety investigation report R19E0150","44c14268-1a2c-467d-ba15-14668dab1c56","publication","not_planned",1
"Fri Apr  2 16:49:30 2021","tsb-bst","Rail transportation safety investigation report R19E0150","44c14268-1a2c-467d-ba15-14668dab1c56","publication","not_planned",1
"Fri Apr  2 18:03:03 2021","tsb-bst","Rail transportation safety investigation report R19E0150","44c14268-1a2c-467d-ba15-14668dab1c56","publication","not_planned",1
"Fri Apr  2 18:48:01 2021","tsb-bst","Rail transportation safety investigation report R19E0150","44c14268-1a2c-467d-ba15-14668dab1c56","publication","not_planned",1
"Fri Apr  2 19:38:58 2021","tsb-bst","Rail transportation safety investigation report R19E0150","44c14268-1a2c-467d-ba15-14668dab1c56","publication","not_planned",1
"Fri Apr  2 20:34:21 2021","tsb-bst","Rail transportation safety investigation report R19E0150","44c14268-1a2c-467d-ba15-14668dab1c56","publication","not_planned",1
"Fri Apr  2 21:29:46 2021","tsb-bst","Rail transportation safety investigation report R19E0150","44c14268-1a2c-467d-ba15-14668dab1c56","publication","not_planned",1
"Fri Apr  2 22:35:55 2021","tsb-bst","Rail transportation safety investigation report R19E0150","44c14268-1a2c-467d-ba15-14668dab1c56","publication","not_planned",1
"Fri Apr  2 23:30:52 2021","tsb-bst","Rail transportation safety investigation report R19E0150","44c14268-1a2c-467d-ba15-14668dab1c56","publication","not_planned",1
"Sat Apr  3 01:00:47 2021","tsb-bst","Rail transportation safety investigation report R19E0150","44c14268-1a2c-467d-ba15-14668dab1c56","publication","not_planned",1
"Sat Apr  3 02:21:40 2021","tsb-bst","Rail transportation safety investigation report R19E0150","44c14268-1a2c-467d-ba15-14668dab1c56","publication","not_planned",1
"Sat Apr  3 03:41:18 2021","tsb-bst","Rail transportation safety investigation report R19E0150","44c14268-1a2c-467d-ba15-14668dab1c56","publication","not_planned",1
"Sat Apr  3 04:36:55 2021","tsb-bst","Rail transportation safety investigation report R19E0150","44c14268-1a2c-467d-ba15-14668dab1c56","publication","not_planned",1
"Sat Apr  3 05:38:00 2021","tsb-bst","Rail transportation safety investigation report R19E0150","44c14268-1a2c-467d-ba15-14668dab1c56","publication","not_planned",1
"Sat Apr  3 06:36:54 2021","tsb-bst","Rail transportation safety investigation report R19E0150","44c14268-1a2c-467d-ba15-14668dab1c56","publication","not_planned",1
"Sat Apr  3 07:36:04 2021","tsb-bst","Rail transportation safety investigation report R19E0150","44c14268-1a2c-467d-ba15-14668dab1c56","publication","not_planned",1
"Sat Apr  3 08:33:51 2021","tsb-bst","Rail transportation safety investigation report R19E0150","44c14268-1a2c-467d-ba15-14668dab1c56","publication","not_planned",1
"Sat Apr  3 09:32:33 2021","tsb-bst","Rail transportation safety investigation report R19E0150","44c14268-1a2c-467d-ba15-14668dab1c56","publication","not_planned",1
"Sat Apr  3 10:35:00 2021","tsb-bst","Rail transportation safety investigation report R19E0150","44c14268-1a2c-467d-ba15-14668dab1c56","publication","not_planned",1
"Sat Apr  3 11:32:09 2021","tsb-bst","Rail transportation safety investigation report R19E0150","44c14268-1a2c-467d-ba15-14668dab1c56","publication","not_planned",1
"Sat Apr  3 12:38:37 2021","tsb-bst","Rail transportation safety investigation report R19E0150","44c14268-1a2c-467d-ba15-14668dab1c56","publication","not_planned",1
"Sat Apr  3 13:38:41 2021","tsb-bst","Rail transportation safety investigation report R19E0150","44c14268-1a2c-467d-ba15-14668dab1c56","publication","not_planned",1
"Sat Apr  3 14:31:47 2021","tsb-bst","Rail transportation safety investigation report R19E0150","44c14268-1a2c-467d-ba15-14668dab1c56","publication","not_planned",1
"Sat Apr  3 15:32:45 2021","tsb-bst","Rail transportation safety investigation report R19E0150","44c14268-1a2c-467d-ba15-14668dab1c56","publication","not_planned",1
"Sat Apr  3 16:42:57 2021","tsb-bst","Rail transportation safety investigation report R19E0150","44c14268-1a2c-467d-ba15-14668dab1c56","publication","not_planned",1
"Sat Apr  3 18:01:02 2021","tsb-bst","Rail transportation safety investigation report R19E0150","44c14268-1a2c-467d-ba15-14668dab1c56","publication","not_planned",1
"Sat Apr  3 18:45:21 2021","tsb-bst","Rail transportation safety investigation report R19E0150","44c14268-1a2c-467d-ba15-14668dab1c56","publication","not_planned",1
"Sat Apr  3 19:36:42 2021","tsb-bst","Rail transportation safety investigation report R19E0150","44c14268-1a2c-467d-ba15-14668dab1c56","publication","not_planned",1
"Sat Apr  3 20:32:33 2021","tsb-bst","Rail transportation safety investigation report R19E0150","44c14268-1a2c-467d-ba15-14668dab1c56","publication","not_planned",1
"Sat Apr  3 21:30:04 2021","tsb-bst","Rail transportation safety investigation report R19E0150","44c14268-1a2c-467d-ba15-14668dab1c56","publication","not_planned",1
"Sat Apr  3 22:35:10 2021","tsb-bst","Rail transportation safety investigation report R19E0150","44c14268-1a2c-467d-ba15-14668dab1c56","publication","not_planned",1
"Sat Apr  3 23:32:24 2021","tsb-bst","Rail transportation safety investigation report R19E0150","44c14268-1a2c-467d-ba15-14668dab1c56","publication","not_planned",1
"Sun Apr  4 01:04:24 2021","tsb-bst","Rail transportation safety investigation report R19E0150","44c14268-1a2c-467d-ba15-14668dab1c56","publication","not_planned",1
"Sun Apr  4 02:26:23 2021","tsb-bst","Rail transportation safety investigation report R19E0150","44c14268-1a2c-467d-ba15-14668dab1c56","publication","not_planned",1
"Sun Apr  4 03:41:03 2021","tsb-bst","Rail transportation safety investigation report R19E0150","44c14268-1a2c-467d-ba15-14668dab1c56","publication","not_planned",1
"Sun Apr  4 04:36:39 2021","tsb-bst","Rail transportation safety investigation report R19E0150","44c14268-1a2c-467d-ba15-14668dab1c56","publication","not_planned",1
"Sun Apr  4 05:40:55 2021","tsb-bst","Rail transportation safety investigation report R19E0150","44c14268-1a2c-467d-ba15-14668dab1c56","publication","not_planned",1
"Sun Apr  4 06:37:51 2021","tsb-bst","Rail transportation safety investigation report R19E0150","44c14268-1a2c-467d-ba15-14668dab1c56","publication","not_planned",1
"Sun Apr  4 07:37:40 2021","tsb-bst","Rail transportation safety investigation report R19E0150","44c14268-1a2c-467d-ba15-14668dab1c56","publication","not_planned",1
"Sun Apr  4 08:34:40 2021","tsb-bst","Rail transportation safety investigation report R19E0150","44c14268-1a2c-467d-ba15-14668dab1c56","publication","not_planned",1
"Sun Apr  4 09:31:36 2021","tsb-bst","Rail transportation safety investigation report R19E0150","44c14268-1a2c-467d-ba15-14668dab1c56","publication","not_planned",1
"Sun Apr  4 10:33:41 2021","tsb-bst","Rail transportation safety investigation report R19E0150","44c14268-1a2c-467d-ba15-14668dab1c56","publication","not_planned",1
"Sun Apr  4 11:32:51 2021","tsb-bst","Rail transportation safety investigation report R19E0150","44c14268-1a2c-467d-ba15-14668dab1c56","publication","not_planned",1
"Sun Apr  4 12:37:26 2021","tsb-bst","Rail transportation safety investigation report R19E0150","44c14268-1a2c-467d-ba15-14668dab1c56","publication","not_planned",1
"Sun Apr  4 13:41:08 2021","tsb-bst","Rail transportation safety investigation report R19E0150","44c14268-1a2c-467d-ba15-14668dab1c56","publication","not_planned",1
"Sun Apr  4 14:33:11 2021","tsb-bst","Rail transportation safety investigation report R19E0150","44c14268-1a2c-467d-ba15-14668dab1c56","publication","not_planned",1
"Sun Apr  4 15:30:04 2021","tsb-bst","Rail transportation safety investigation report R19E0150","44c14268-1a2c-467d-ba15-14668dab1c56","publication","not_planned",1
"Sun Apr  4 16:44:12 2021","tsb-bst","Rail transportation safety investigation report R19E0150","44c14268-1a2c-467d-ba15-14668dab1c56","publication","not_planned",1
"Sun Apr  4 17:16:55 2021","tsb-bst","Rail transportation safety investigation report R19E0150","44c14268-1a2c-467d-ba15-14668dab1c56","publication","not_planned",1
"Sun Apr  4 18:00:56 2021","tsb-bst","Rail transportation safety investigation report R19E0150","44c14268-1a2c-467d-ba15-14668dab1c56","publication","not_planned",1
"Sun Apr  4 18:42:45 2021","tsb-bst","Rail transportation safety investigation report R19E0150","44c14268-1a2c-467d-ba15-14668dab1c56","publication","not_planned",1
"Sun Apr  4 19:35:51 2021","tsb-bst","Rail transportation safety investigation report R19E0150","44c14268-1a2c-467d-ba15-14668dab1c56","publication","not_planned",1
"Sun Apr  4 20:30:15 2021","tsb-bst","Rail transportation safety investigation report R19E0150","44c14268-1a2c-467d-ba15-14668dab1c56","publication","not_planned",1
"Sun Apr  4 21:31:59 2021","tsb-bst","Rail transportation safety investigation report R19E0150","44c14268-1a2c-467d-ba15-14668dab1c56","publication","not_planned",1
"Sun Apr  4 22:33:01 2021","tsb-bst","Rail transportation safety investigation report R19E0150","44c14268-1a2c-467d-ba15-14668dab1c56","publication","not_planned",1
"Sun Apr  4 23:35:16 2021","tsb-bst","Rail transportation safety investigation report R19E0150","44c14268-1a2c-467d-ba15-14668dab1c56","publication","not_planned",1
"Mon Apr  5 01:04:32 2021","tsb-bst","Rail transportation safety investigation report R19E0150","44c14268-1a2c-467d-ba15-14668dab1c56","publication","not_planned",1
"Mon Apr  5 02:22:43 2021","tsb-bst","Rail transportation safety investigation report R19E0150","44c14268-1a2c-467d-ba15-14668dab1c56","publication","not_planned",1
"Mon Apr  5 03:40:17 2021","tsb-bst","Rail transportation safety investigation report R19E0150","44c14268-1a2c-467d-ba15-14668dab1c56","publication","not_planned",1
"Mon Apr  5 04:41:11 2021","tsb-bst","Rail transportation safety investigation report R19E0150","44c14268-1a2c-467d-ba15-14668dab1c56","publication","not_planned",1
"Mon Apr  5 05:37:51 2021","tsb-bst","Rail transportation safety investigation report R19E0150","44c14268-1a2c-467d-ba15-14668dab1c56","publication","not_planned",1
"Mon Apr  5 06:38:14 2021","tsb-bst","Rail transportation safety investigation report R19E0150","44c14268-1a2c-467d-ba15-14668dab1c56","publication","not_planned",1
"Mon Apr  5 07:33:22 2021","tsb-bst","Rail transportation safety investigation report R19E0150","44c14268-1a2c-467d-ba15-14668dab1c56","publication","not_planned",1
"Mon Apr  5 08:37:38 2021","tsb-bst","Rail transportation safety investigation report R19E0150","44c14268-1a2c-467d-ba15-14668dab1c56","publication","not_planned",1
"Mon Apr  5 09:34:41 2021","tsb-bst","Rail transportation safety investigation report R19E0150","44c14268-1a2c-467d-ba15-14668dab1c56","publication","not_planned",1
"Mon Apr  5 10:35:17 2021","tsb-bst","Rail transportation safety investigation report R19E0150","44c14268-1a2c-467d-ba15-14668dab1c56","publication","not_planned",1
"Mon Apr  5 11:28:47 2021","tsb-bst","Rail transportation safety investigation report R19E0150","44c14268-1a2c-467d-ba15-14668dab1c56","publication","not_planned",1
"Mon Apr  5 12:38:35 2021","tsb-bst","Rail transportation safety investigation report R19E0150","44c14268-1a2c-467d-ba15-14668dab1c56","publication","not_planned",1
"Mon Apr  5 13:44:06 2021","tsb-bst","Rail transportation safety investigation report R19E0150","44c14268-1a2c-467d-ba15-14668dab1c56","publication","not_planned",1
"Mon Apr  5 14:32:52 2021","tsb-bst","Rail transportation safety investigation report R19E0150","44c14268-1a2c-467d-ba15-14668dab1c56","publication","not_planned",1
"Mon Apr  5 15:32:34 2021","tsb-bst","Rail transportation safety investigation report R19E0150","44c14268-1a2c-467d-ba15-14668dab1c56","publication","not_planned",1
"Mon Apr  5 16:47:20 2021","tsb-bst","Rail transportation safety investigation report R19E0150","44c14268-1a2c-467d-ba15-14668dab1c56","publication","not_planned",1
"Mon Apr  5 18:00:05 2021","tsb-bst","Rail transportation safety investigation report R19E0150","44c14268-1a2c-467d-ba15-14668dab1c56","publication","not_planned",1
"Mon Apr  5 18:48:06 2021","tsb-bst","Rail transportation safety investigation report R19E0150","44c14268-1a2c-467d-ba15-14668dab1c56","publication","not_planned",1
"Mon Apr  5 19:36:48 2021","tsb-bst","Rail transportation safety investigation report R19E0150","44c14268-1a2c-467d-ba15-14668dab1c56","publication","not_planned",1
"Mon Apr  5 20:33:54 2021","tsb-bst","Rail transportation safety investigation report R19E0150","44c14268-1a2c-467d-ba15-14668dab1c56","publication","not_planned",1
"Mon Apr  5 21:26:55 2021","tsb-bst","Rail transportation safety investigation report R19E0150","44c14268-1a2c-467d-ba15-14668dab1c56","publication","not_planned",1
"Mon Apr  5 22:32:21 2021","tsb-bst","Rail transportation safety investigation report R19E0150","44c14268-1a2c-467d-ba15-14668dab1c56","publication","not_planned",1
"Mon Apr  5 23:33:49 2021","tsb-bst","Rail transportation safety investigation report R19E0150","44c14268-1a2c-467d-ba15-14668dab1c56","publication","not_planned",1
"Tue Apr  6 01:06:30 2021","tsb-bst","Rail transportation safety investigation report R19E0150","44c14268-1a2c-467d-ba15-14668dab1c56","publication","not_planned",1
"Tue Apr  6 02:25:33 2021","tsb-bst","Rail transportation safety investigation report R19E0150","44c14268-1a2c-467d-ba15-14668dab1c56","publication","not_planned",1
"Tue Apr  6 03:42:05 2021","tsb-bst","Rail transportation safety investigation report R19E0150","44c14268-1a2c-467d-ba15-14668dab1c56","publication","not_planned",1
"Tue Apr  6 04:35:25 2021","tsb-bst","Rail transportation safety investigation report R19E0150","44c14268-1a2c-467d-ba15-14668dab1c56","publication","not_planned",1
"Tue Apr  6 05:41:00 2021","tsb-bst","Rail transportation safety investigation report R19E0150","44c14268-1a2c-467d-ba15-14668dab1c56","publication","not_planned",1
"Tue Apr  6 06:36:48 2021","tsb-bst","Rail transportation safety investigation report R19E0150","44c14268-1a2c-467d-ba15-14668dab1c56","publication","not_planned",1
"Tue Apr  6 07:36:06 2021","tsb-bst","Rail transportation safety investigation report R19E0150","44c14268-1a2c-467d-ba15-14668dab1c56","publication","not_planned",1
"Tue Apr  6 08:32:24 2021","tsb-bst","Rail transportation safety investigation report R19E0150","44c14268-1a2c-467d-ba15-14668dab1c56","publication","not_planned",1
"Tue Apr  6 09:32:24 2021","tsb-bst","Rail transportation safety investigation report R19E0150","44c14268-1a2c-467d-ba15-14668dab1c56","publication","not_planned",1
"Tue Apr  6 10:34:16 2021","tsb-bst","Rail transportation safety investigation report R19E0150","44c14268-1a2c-467d-ba15-14668dab1c56","publication","not_planned",1
"Tue Apr  6 11:32:30 2021","tsb-bst","Rail transportation safety investigation report R19E0150","44c14268-1a2c-467d-ba15-14668dab1c56","publication","not_planned",1
"Tue Apr  6 12:34:16 2021","tsb-bst","Rail transportation safety investigation report R19E0150","44c14268-1a2c-467d-ba15-14668dab1c56","publication","not_planned",1
"Tue Apr  6 13:42:35 2021","tsb-bst","Rail transportation safety investigation report R19E0150","44c14268-1a2c-467d-ba15-14668dab1c56","publication","not_planned",1
"Tue Apr  6 14:33:46 2021","tsb-bst","Rail transportation safety investigation report R19E0150","44c14268-1a2c-467d-ba15-14668dab1c56","publication","not_planned",1
"Tue Apr  6 15:31:01 2021","tsb-bst","Rail transportation safety investigation report R19E0150","44c14268-1a2c-467d-ba15-14668dab1c56","publication","not_planned",1
"Tue Apr  6 16:46:15 2021","tsb-bst","Rail transportation safety investigation report R19E0150","44c14268-1a2c-467d-ba15-14668dab1c56","publication","not_planned",1
"Tue Apr  6 18:05:23 2021","tsb-bst","Rail transportation safety investigation report R19E0150","44c14268-1a2c-467d-ba15-14668dab1c56","publication","not_planned",1
"Tue Apr  6 18:46:59 2021","tsb-bst","Rail transportation safety investigation report R19E0150","44c14268-1a2c-467d-ba15-14668dab1c56","publication","not_planned",1
"Tue Apr  6 19:37:42 2021","tsb-bst","Rail transportation safety investigation report R19E0150","44c14268-1a2c-467d-ba15-14668dab1c56","publication","not_planned",1
"Tue Apr  6 20:32:05 2021","tsb-bst","Rail transportation safety investigation report R19E0150","44c14268-1a2c-467d-ba15-14668dab1c56","publication","not_planned",1
"Tue Apr  6 21:31:24 2021","tsb-bst","Rail transportation safety investigation report R19E0150","44c14268-1a2c-467d-ba15-14668dab1c56","publication","not_planned",1
"Tue Apr  6 22:36:06 2021","tsb-bst","Rail transportation safety investigation report R19E0150","44c14268-1a2c-467d-ba15-14668dab1c56","publication","not_planned",1
"Tue Apr  6 23:32:47 2021","tsb-bst","Rail transportation safety investigation report R19E0150","44c14268-1a2c-467d-ba15-14668dab1c56","publication","not_planned",1
"Wed Apr  7 01:02:44 2021","tsb-bst","Rail transportation safety investigation report R19E0150","44c14268-1a2c-467d-ba15-14668dab1c56","publication","not_planned",1
"Wed Apr  7 02:25:34 2021","tsb-bst","Rail transportation safety investigation report R19E0150","44c14268-1a2c-467d-ba15-14668dab1c56","publication","not_planned",1
"Wed Apr  7 03:40:38 2021","tsb-bst","Rail transportation safety investigation report R19E0150","44c14268-1a2c-467d-ba15-14668dab1c56","publication","not_planned",1
"Wed Apr  7 04:38:54 2021","tsb-bst","Rail transportation safety investigation report R19E0150","44c14268-1a2c-467d-ba15-14668dab1c56","publication","not_planned",1
"Wed Apr  7 05:39:23 2021","tsb-bst","Rail transportation safety investigation report R19E0150","44c14268-1a2c-467d-ba15-14668dab1c56","publication","not_planned",1
"Wed Apr  7 06:36:15 2021","tsb-bst","Rail transportation safety investigation report R19E0150","44c14268-1a2c-467d-ba15-14668dab1c56","publication","not_planned",1
"Wed Apr  7 07:33:23 2021","tsb-bst","Rail transportation safety investigation report R19E0150","44c14268-1a2c-467d-ba15-14668dab1c56","publication","not_planned",1
"Wed Apr  7 08:34:22 2021","tsb-bst","Rail transportation safety investigation report R19E0150","44c14268-1a2c-467d-ba15-14668dab1c56","publication","not_planned",1
"Wed Apr  7 09:33:51 2021","tsb-bst","Rail transportation safety investigation report R19E0150","44c14268-1a2c-467d-ba15-14668dab1c56","publication","not_planned",1
"Wed Apr  7 10:29:29 2021","qc","Government of Quebec Net Debt","b3d0a1a0-c141-4fe9-a63b-67d15725c789","federated","P1Y",1
"Wed Apr  7 11:31:07 2021","qc","Government of Quebec Net Debt","b3d0a1a0-c141-4fe9-a63b-67d15725c789","federated","P1Y",1
"Wed Apr  7 12:40:55 2021","qc","Government of Quebec Net Debt","b3d0a1a0-c141-4fe9-a63b-67d15725c789","federated","P1Y",1
"Wed Apr  7 13:41:39 2021","statcan","Number of children with employed mothers","3b36140b-a02c-4ad8-a132-d68d2eb4e450","primary","as_needed",1
"Wed Apr  7 14:34:34 2021","statcan","Number of children with employed mothers","3b36140b-a02c-4ad8-a132-d68d2eb4e450","primary","as_needed",1
"Wed Apr  7 15:32:55 2021","statcan","Number of children with employed mothers","3b36140b-a02c-4ad8-a132-d68d2eb4e450","primary","as_needed",1
"Wed Apr  7 16:45:32 2021","statcan","Number of children with employed mothers","3b36140b-a02c-4ad8-a132-d68d2eb4e450","primary","as_needed",1
"Wed Apr  7 18:04:54 2021","statcan","Number of children with employed mothers","3b36140b-a02c-4ad8-a132-d68d2eb4e450","primary","as_needed",1
"Wed Apr  7 18:46:48 2021","statcan","Number of children with employed mothers","3b36140b-a02c-4ad8-a132-d68d2eb4e450","primary","as_needed",1
"Wed Apr  7 19:33:56 2021","statcan","Number of children with employed mothers","3b36140b-a02c-4ad8-a132-d68d2eb4e450","primary","as_needed",1
"Wed Apr  7 20:35:37 2021","statcan","Number of children with employed mothers","3b36140b-a02c-4ad8-a132-d68d2eb4e450","primary","as_needed",1
"Wed Apr  7 21:28:23 2021","statcan","Number of children with employed mothers","3b36140b-a02c-4ad8-a132-d68d2eb4e450","primary","as_needed",1
"Wed Apr  7 22:35:59 2021","statcan","Number of children with employed mothers","3b36140b-a02c-4ad8-a132-d68d2eb4e450","primary","as_needed",1
"Wed Apr  7 23:32:34 2021","statcan","Number of children with employed mothers","3b36140b-a02c-4ad8-a132-d68d2eb4e450","primary","as_needed",1
"Thu Apr  8 01:09:57 2021","statcan","Number of children with employed mothers","3b36140b-a02c-4ad8-a132-d68d2eb4e450","primary","as_needed",1
"Thu Apr  8 02:24:32 2021","statcan","Number of children with employed mothers","3b36140b-a02c-4ad8-a132-d68d2eb4e450","primary","as_needed",1
"Thu Apr  8 03:42:42 2021","statcan","Number of children with employed mothers","3b36140b-a02c-4ad8-a132-d68d2eb4e450","primary","as_needed",1
"Thu Apr  8 04:35:51 2021","statcan","Number of children with employed mothers","3b36140b-a02c-4ad8-a132-d68d2eb4e450","primary","as_needed",1
"Thu Apr  8 05:41:04 2021","statcan","Number of children with employed mothers","3b36140b-a02c-4ad8-a132-d68d2eb4e450","primary","as_needed",1
"Thu Apr  8 06:33:50 2021","statcan","Number of children with employed mothers","3b36140b-a02c-4ad8-a132-d68d2eb4e450","primary","as_needed",1
"Thu Apr  8 07:38:08 2021","statcan","Number of children with employed mothers","3b36140b-a02c-4ad8-a132-d68d2eb4e450","primary","as_needed",1
"Thu Apr  8 08:33:28 2021","statcan","Number of children with employed mothers","3b36140b-a02c-4ad8-a132-d68d2eb4e450","primary","as_needed",1
"Thu Apr  8 09:31:50 2021","statcan","Number of children with employed mothers","3b36140b-a02c-4ad8-a132-d68d2eb4e450","primary","as_needed",1
"Thu Apr  8 10:30:44 2021","statcan","Number of children with employed mothers","3b36140b-a02c-4ad8-a132-d68d2eb4e450","primary","as_needed",1
"Thu Apr  8 11:31:38 2021","statcan","Number of children with employed mothers","3b36140b-a02c-4ad8-a132-d68d2eb4e450","primary","as_needed",1
"Thu Apr  8 12:36:06 2021","statcan","Number of children with employed mothers","3b36140b-a02c-4ad8-a132-d68d2eb4e450","primary","as_needed",1
"Thu Apr  8 13:41:53 2021","statcan","Normalized difference vegetation indices at one kilometre resolution by land use type for agricultural areas of Canada using 2016 geographic layers","95f51295-be79-44fb-8f3a-c6d896c19fb0","primary","P1W",1
"Thu Apr  8 14:34:07 2021","statcan","Normalized difference vegetation indices at one kilometre resolution by land use type for agricultural areas of Canada using 2016 geographic layers","95f51295-be79-44fb-8f3a-c6d896c19fb0","primary","P1W",1
"Thu Apr  8 15:32:45 2021","statcan","Normalized difference vegetation indices at one kilometre resolution by land use type for agricultural areas of Canada using 2016 geographic layers","95f51295-be79-44fb-8f3a-c6d896c19fb0","primary","P1W",1
"Thu Apr  8 16:45:56 2021","statcan","Normalized difference vegetation indices at one kilometre resolution by land use type for agricultural areas of Canada using 2016 geographic layers","95f51295-be79-44fb-8f3a-c6d896c19fb0","primary","P1W",1
"Thu Apr  8 18:00:51 2021","statcan","Normalized difference vegetation indices at one kilometre resolution by land use type for agricultural areas of Canada using 2016 geographic layers","95f51295-be79-44fb-8f3a-c6d896c19fb0","primary","P1W",1
"Thu Apr  8 18:46:11 2021","statcan","Normalized difference vegetation indices at one kilometre resolution by land use type for agricultural areas of Canada using 2016 geographic layers","95f51295-be79-44fb-8f3a-c6d896c19fb0","primary","P1W",1
"Thu Apr  8 19:34:22 2021","jus","Bill C-26: An Act for granting to Her Majesty certain sums of money for the federal public administration for the fiscal year ending March 31, 2021","52675c63-49e8-4b09-8648-a39de3626959","publication","as_needed",1
"Thu Apr  8 20:30:56 2021","jus","Bill C-26: An Act for granting to Her Majesty certain sums of money for the federal public administration for the fiscal year ending March 31, 2021","52675c63-49e8-4b09-8648-a39de3626959","publication","as_needed",1
"Thu Apr  8 21:33:16 2021","jus","Bill C-26: An Act for granting to Her Majesty certain sums of money for the federal public administration for the fiscal year ending March 31, 2021","52675c63-49e8-4b09-8648-a39de3626959","publication","as_needed",1
"Thu Apr  8 22:37:19 2021","jus","Bill C-26: An Act for granting to Her Majesty certain sums of money for the federal public administration for the fiscal year ending March 31, 2021","52675c63-49e8-4b09-8648-a39de3626959","publication","as_needed",1
"Thu Apr  8 23:34:35 2021","jus","Bill C-26: An Act for granting to Her Majesty certain sums of money for the federal public administration for the fiscal year ending March 31, 2021","52675c63-49e8-4b09-8648-a39de3626959","publication","as_needed",1
"Fri Apr  9 01:00:10 2021","jus","Bill C-26: An Act for granting to Her Majesty certain sums of money for the federal public administration for the fiscal year ending March 31, 2021","52675c63-49e8-4b09-8648-a39de3626959","publication","as_needed",1
"Fri Apr  9 02:19:28 2021","jus","Bill C-26: An Act for granting to Her Majesty certain sums of money for the federal public administration for the fiscal year ending March 31, 2021","52675c63-49e8-4b09-8648-a39de3626959","publication","as_needed",1
"Fri Apr  9 03:29:42 2021","jus","Bill C-26: An Act for granting to Her Majesty certain sums of money for the federal public administration for the fiscal year ending March 31, 2021","52675c63-49e8-4b09-8648-a39de3626959","publication","as_needed",1
"Fri Apr  9 04:32:52 2021","jus","Bill C-26: An Act for granting to Her Majesty certain sums of money for the federal public administration for the fiscal year ending March 31, 2021","52675c63-49e8-4b09-8648-a39de3626959","publication","as_needed",1
"Fri Apr  9 05:39:40 2021","jus","Bill C-26: An Act for granting to Her Majesty certain sums of money for the federal public administration for the fiscal year ending March 31, 2021","52675c63-49e8-4b09-8648-a39de3626959","publication","as_needed",1
"Fri Apr  9 06:35:21 2021","jus","Bill C-26: An Act for granting to Her Majesty certain sums of money for the federal public administration for the fiscal year ending March 31, 2021","52675c63-49e8-4b09-8648-a39de3626959","publication","as_needed",1
"Fri Apr  9 08:38:52 2021","jus","Bill C-26: An Act for granting to Her Majesty certain sums of money for the federal public administration for the fiscal year ending March 31, 2021","52675c63-49e8-4b09-8648-a39de3626959","publication","as_needed",1
"Fri Apr  9 09:36:56 2021","jus","Bill C-26: An Act for granting to Her Majesty certain sums of money for the federal public administration for the fiscal year ending March 31, 2021","52675c63-49e8-4b09-8648-a39de3626959","publication","as_needed",1
"Fri Apr  9 10:34:07 2021","jus","Bill C-26: An Act for granting to Her Majesty certain sums of money for the federal public administration for the fiscal year ending March 31, 2021","52675c63-49e8-4b09-8648-a39de3626959","publication","as_needed",1
"Fri Apr  9 11:31:50 2021","jus","Bill C-26: An Act for granting to Her Majesty certain sums of money for the federal public administration for the fiscal year ending March 31, 2021","52675c63-49e8-4b09-8648-a39de3626959","publication","as_needed",1
"Fri Apr  9 12:40:56 2021","jus","Bill C-26: An Act for granting to Her Majesty certain sums of money for the federal public administration for the fiscal year ending March 31, 2021","52675c63-49e8-4b09-8648-a39de3626959","publication","as_needed",1
"Fri Apr  9 13:41:01 2021","statcan","Ownership type and property use by residential property type and period of construction","34c880a0-0360-45a3-9867-6dafa5da6b37","primary","P1Y",1
"Fri Apr  9 14:37:12 2021","dfo-mpo","Ocean Weather Station Papa, 1949-1981","561d3400-2e4c-4eb7-a042-f3135ab38224","fgp","not_planned",1
"Fri Apr  9 15:33:24 2021","dfo-mpo","Ocean Weather Station Papa, 1949-1981","561d3400-2e4c-4eb7-a042-f3135ab38224","fgp","not_planned",1
"Fri Apr  9 16:40:01 2021","dfo-mpo","Ocean Weather Station Papa, 1949-1981","561d3400-2e4c-4eb7-a042-f3135ab38224","fgp","not_planned",1
"Fri Apr  9 17:49:13 2021","dfo-mpo","Ocean Weather Station Papa, 1949-1981","561d3400-2e4c-4eb7-a042-f3135ab38224","fgp","not_planned",1
"Fri Apr  9 18:37:59 2021","dfo-mpo","Ocean Weather Station Papa, 1949-1981","561d3400-2e4c-4eb7-a042-f3135ab38224","fgp","not_planned",1
"Fri Apr  9 19:30:37 2021","dfo-mpo","Ocean Weather Station Papa, 1949-1981","561d3400-2e4c-4eb7-a042-f3135ab38224","fgp","not_planned",1
"Fri Apr  9 20:33:57 2021","dfo-mpo","Ocean Weather Station Papa, 1949-1981","561d3400-2e4c-4eb7-a042-f3135ab38224","fgp","not_planned",1
"Fri Apr  9 21:33:55 2021","dfo-mpo","Ocean Weather Station Papa, 1949-1981","561d3400-2e4c-4eb7-a042-f3135ab38224","fgp","not_planned",1
"Fri Apr  9 22:37:33 2021","dfo-mpo","Ocean Weather Station Papa, 1949-1981","561d3400-2e4c-4eb7-a042-f3135ab38224","fgp","not_planned",1
"Fri Apr  9 23:33:01 2021","dfo-mpo","Ocean Weather Station Papa, 1949-1981","561d3400-2e4c-4eb7-a042-f3135ab38224","fgp","not_planned",1
"Sat Apr 10 01:07:30 2021","dfo-mpo","Ocean Weather Station Papa, 1949-1981","561d3400-2e4c-4eb7-a042-f3135ab38224","fgp","not_planned",1
"Sat Apr 10 02:16:52 2021","dfo-mpo","Ocean Weather Station Papa, 1949-1981","561d3400-2e4c-4eb7-a042-f3135ab38224","fgp","not_planned",1
"Sat Apr 10 03:41:06 2021","dfo-mpo","Ocean Weather Station Papa, 1949-1981","561d3400-2e4c-4eb7-a042-f3135ab38224","fgp","not_planned",1
"Sat Apr 10 04:35:21 2021","dfo-mpo","Ocean Weather Station Papa, 1949-1981","561d3400-2e4c-4eb7-a042-f3135ab38224","fgp","not_planned",1
"Sat Apr 10 05:37:30 2021","dfo-mpo","Ocean Weather Station Papa, 1949-1981","561d3400-2e4c-4eb7-a042-f3135ab38224","fgp","not_planned",1
"Sat Apr 10 06:37:05 2021","dfo-mpo","Ocean Weather Station Papa, 1949-1981","561d3400-2e4c-4eb7-a042-f3135ab38224","fgp","not_planned",1
"Sat Apr 10 07:36:06 2021","dfo-mpo","Ocean Weather Station Papa, 1949-1981","561d3400-2e4c-4eb7-a042-f3135ab38224","fgp","not_planned",1
"Sat Apr 10 08:33:40 2021","dfo-mpo","Ocean Weather Station Papa, 1949-1981","561d3400-2e4c-4eb7-a042-f3135ab38224","fgp","not_planned",1
"Sat Apr 10 09:30:31 2021","dfo-mpo","Ocean Weather Station Papa, 1949-1981","561d3400-2e4c-4eb7-a042-f3135ab38224","fgp","not_planned",1
"Sat Apr 10 10:30:45 2021","dfo-mpo","Ocean Weather Station Papa, 1949-1981","561d3400-2e4c-4eb7-a042-f3135ab38224","fgp","not_planned",1
"Sat Apr 10 11:30:21 2021","dfo-mpo","Ocean Weather Station Papa, 1949-1981","561d3400-2e4c-4eb7-a042-f3135ab38224","fgp","not_planned",1
"Sat Apr 10 12:38:02 2021","dfo-mpo","Ocean Weather Station Papa, 1949-1981","561d3400-2e4c-4eb7-a042-f3135ab38224","fgp","not_planned",1
"Sat Apr 10 13:39:49 2021","dfo-mpo","Ocean Weather Station Papa, 1949-1981","561d3400-2e4c-4eb7-a042-f3135ab38224","fgp","not_planned",1
"Sat Apr 10 14:32:48 2021","dfo-mpo","Ocean Weather Station Papa, 1949-1981","561d3400-2e4c-4eb7-a042-f3135ab38224","fgp","not_planned",1
"Sat Apr 10 15:29:53 2021","dfo-mpo","Ocean Weather Station Papa, 1949-1981","561d3400-2e4c-4eb7-a042-f3135ab38224","fgp","not_planned",1
"Sat Apr 10 16:39:07 2021","dfo-mpo","Ocean Weather Station Papa, 1949-1981","561d3400-2e4c-4eb7-a042-f3135ab38224","fgp","not_planned",1
"Sat Apr 10 17:54:43 2021","dfo-mpo","Ocean Weather Station Papa, 1949-1981","561d3400-2e4c-4eb7-a042-f3135ab38224","fgp","not_planned",1
"Sat Apr 10 18:41:00 2021","dfo-mpo","Ocean Weather Station Papa, 1949-1981","561d3400-2e4c-4eb7-a042-f3135ab38224","fgp","not_planned",1
"Sat Apr 10 19:33:03 2021","dfo-mpo","Ocean Weather Station Papa, 1949-1981","561d3400-2e4c-4eb7-a042-f3135ab38224","fgp","not_planned",1
"Sat Apr 10 20:27:42 2021","dfo-mpo","Ocean Weather Station Papa, 1949-1981","561d3400-2e4c-4eb7-a042-f3135ab38224","fgp","not_planned",1
"Sat Apr 10 21:31:35 2021","dfo-mpo","Ocean Weather Station Papa, 1949-1981","561d3400-2e4c-4eb7-a042-f3135ab38224","fgp","not_planned",1
"Sat Apr 10 22:31:42 2021","dfo-mpo","Ocean Weather Station Papa, 1949-1981","561d3400-2e4c-4eb7-a042-f3135ab38224","fgp","not_planned",1
"Sat Apr 10 23:33:49 2021","dfo-mpo","Ocean Weather Station Papa, 1949-1981","561d3400-2e4c-4eb7-a042-f3135ab38224","fgp","not_planned",1
"Sun Apr 11 01:05:45 2021","dfo-mpo","Ocean Weather Station Papa, 1949-1981","561d3400-2e4c-4eb7-a042-f3135ab38224","fgp","not_planned",1
"Sun Apr 11 02:25:52 2021","dfo-mpo","Ocean Weather Station Papa, 1949-1981","561d3400-2e4c-4eb7-a042-f3135ab38224","fgp","not_planned",1
"Sun Apr 11 03:38:36 2021","dfo-mpo","Ocean Weather Station Papa, 1949-1981","561d3400-2e4c-4eb7-a042-f3135ab38224","fgp","not_planned",1
"Sun Apr 11 04:35:05 2021","dfo-mpo","Ocean Weather Station Papa, 1949-1981","561d3400-2e4c-4eb7-a042-f3135ab38224","fgp","not_planned",1
"Sun Apr 11 05:36:08 2021","dfo-mpo","Ocean Weather Station Papa, 1949-1981","561d3400-2e4c-4eb7-a042-f3135ab38224","fgp","not_planned",1
"Sun Apr 11 06:36:02 2021","dfo-mpo","Ocean Weather Station Papa, 1949-1981","561d3400-2e4c-4eb7-a042-f3135ab38224","fgp","not_planned",1
"Sun Apr 11 07:34:19 2021","dfo-mpo","Ocean Weather Station Papa, 1949-1981","561d3400-2e4c-4eb7-a042-f3135ab38224","fgp","not_planned",1
"Sun Apr 11 08:32:09 2021","dfo-mpo","Ocean Weather Station Papa, 1949-1981","561d3400-2e4c-4eb7-a042-f3135ab38224","fgp","not_planned",1
"Sun Apr 11 09:29:09 2021","dfo-mpo","Ocean Weather Station Papa, 1949-1981","561d3400-2e4c-4eb7-a042-f3135ab38224","fgp","not_planned",1
"Sun Apr 11 10:32:38 2021","dfo-mpo","Ocean Weather Station Papa, 1949-1981","561d3400-2e4c-4eb7-a042-f3135ab38224","fgp","not_planned",1
"Sun Apr 11 11:30:43 2021","dfo-mpo","Ocean Weather Station Papa, 1949-1981","561d3400-2e4c-4eb7-a042-f3135ab38224","fgp","not_planned",1
"Sun Apr 11 13:38:21 2021","dfo-mpo","Ocean Weather Station Papa, 1949-1981","561d3400-2e4c-4eb7-a042-f3135ab38224","fgp","not_planned",1
"Sun Apr 11 15:33:16 2021","dfo-mpo","Ocean Weather Station Papa, 1949-1981","561d3400-2e4c-4eb7-a042-f3135ab38224","fgp","not_planned",1
"Sun Apr 11 16:45:38 2021","dfo-mpo","Ocean Weather Station Papa, 1949-1981","561d3400-2e4c-4eb7-a042-f3135ab38224","fgp","not_planned",1
"Sun Apr 11 17:56:05 2021","dfo-mpo","Ocean Weather Station Papa, 1949-1981","561d3400-2e4c-4eb7-a042-f3135ab38224","fgp","not_planned",1
"Sun Apr 11 18:43:38 2021","dfo-mpo","Ocean Weather Station Papa, 1949-1981","561d3400-2e4c-4eb7-a042-f3135ab38224","fgp","not_planned",1
"Sun Apr 11 19:36:21 2021","dfo-mpo","Ocean Weather Station Papa, 1949-1981","561d3400-2e4c-4eb7-a042-f3135ab38224","fgp","not_planned",1
"Sun Apr 11 20:36:22 2021","dfo-mpo","Ocean Weather Station Papa, 1949-1981","561d3400-2e4c-4eb7-a042-f3135ab38224","fgp","not_planned",1
"Sun Apr 11 21:32:49 2021","dfo-mpo","Ocean Weather Station Papa, 1949-1981","561d3400-2e4c-4eb7-a042-f3135ab38224","fgp","not_planned",1
"Sun Apr 11 22:34:38 2021","dfo-mpo","Ocean Weather Station Papa, 1949-1981","561d3400-2e4c-4eb7-a042-f3135ab38224","fgp","not_planned",1
"Sun Apr 11 23:34:22 2021","dfo-mpo","Ocean Weather Station Papa, 1949-1981","561d3400-2e4c-4eb7-a042-f3135ab38224","fgp","not_planned",1
"Mon Apr 12 01:06:26 2021","dfo-mpo","Ocean Weather Station Papa, 1949-1981","561d3400-2e4c-4eb7-a042-f3135ab38224","fgp","not_planned",1
"Mon Apr 12 02:25:53 2021","dfo-mpo","Ocean Weather Station Papa, 1949-1981","561d3400-2e4c-4eb7-a042-f3135ab38224","fgp","not_planned",1
"Mon Apr 12 03:40:02 2021","dfo-mpo","Ocean Weather Station Papa, 1949-1981","561d3400-2e4c-4eb7-a042-f3135ab38224","fgp","not_planned",1
"Mon Apr 12 04:35:43 2021","dfo-mpo","Ocean Weather Station Papa, 1949-1981","561d3400-2e4c-4eb7-a042-f3135ab38224","fgp","not_planned",1
"Mon Apr 12 05:36:29 2021","dfo-mpo","Ocean Weather Station Papa, 1949-1981","561d3400-2e4c-4eb7-a042-f3135ab38224","fgp","not_planned",1
"Mon Apr 12 06:37:40 2021","dfo-mpo","Ocean Weather Station Papa, 1949-1981","561d3400-2e4c-4eb7-a042-f3135ab38224","fgp","not_planned",1
"Mon Apr 12 07:34:34 2021","dfo-mpo","Ocean Weather Station Papa, 1949-1981","561d3400-2e4c-4eb7-a042-f3135ab38224","fgp","not_planned",1
"Mon Apr 12 08:35:08 2021","dfo-mpo","Ocean Weather Station Papa, 1949-1981","561d3400-2e4c-4eb7-a042-f3135ab38224","fgp","not_planned",1
"Mon Apr 12 09:31:14 2021","dfo-mpo","Ocean Weather Station Papa, 1949-1981","561d3400-2e4c-4eb7-a042-f3135ab38224","fgp","not_planned",1
"Mon Apr 12 10:31:39 2021","dfo-mpo","Ocean Weather Station Papa, 1949-1981","561d3400-2e4c-4eb7-a042-f3135ab38224","fgp","not_planned",1
"Mon Apr 12 11:28:06 2021","dfo-mpo","Ocean Weather Station Papa, 1949-1981","561d3400-2e4c-4eb7-a042-f3135ab38224","fgp","not_planned",1
"Mon Apr 12 12:38:18 2021","nrcan-rncan","CGDI Analysis Ready Data Service Kits","2364749d-70a0-4874-956d-a636401ac5a6","fgp","not_planned",1
"Mon Apr 12 13:41:57 2021","nrcan-rncan","CGDI Analysis Ready Data Service Kits","2364749d-70a0-4874-956d-a636401ac5a6","fgp","not_planned",1
"Mon Apr 12 14:34:55 2021","nrcan-rncan","CGDI Analysis Ready Data Service Kits","2364749d-70a0-4874-956d-a636401ac5a6","fgp","not_planned",1
"Mon Apr 12 15:31:29 2021","nrcan-rncan","CGDI Analysis Ready Data Service Kits","2364749d-70a0-4874-956d-a636401ac5a6","fgp","not_planned",1
"Mon Apr 12 16:42:28 2021","nrcan-rncan","CGDI Analysis Ready Data Service Kits","2364749d-70a0-4874-956d-a636401ac5a6","fgp","not_planned",1
"Mon Apr 12 17:58:23 2021","nrcan-rncan","CGDI Analysis Ready Data Service Kits","2364749d-70a0-4874-956d-a636401ac5a6","fgp","not_planned",1
"Mon Apr 12 18:45:10 2021","nrcan-rncan","CGDI Analysis Ready Data Service Kits","2364749d-70a0-4874-956d-a636401ac5a6","fgp","not_planned",1
"Mon Apr 12 19:40:11 2021","nrcan-rncan","CGDI Analysis Ready Data Service Kits","2364749d-70a0-4874-956d-a636401ac5a6","fgp","not_planned",1
"Mon Apr 12 20:33:31 2021","cer-rec","Operations and Maintenance (O&M) Activities ","1c47ebcc-17fd-4954-811f-3cdd0c30bf86","primary","P3M",1
"Mon Apr 12 21:28:08 2021","cer-rec","Operations and Maintenance (O&M) Activities ","1c47ebcc-17fd-4954-811f-3cdd0c30bf86","primary","P3M",1
"Mon Apr 12 22:31:48 2021","cer-rec","Operations and Maintenance (O&M) Activities ","1c47ebcc-17fd-4954-811f-3cdd0c30bf86","primary","P3M",1
"Mon Apr 12 23:37:09 2021","cer-rec","Operations and Maintenance (O&M) Activities ","1c47ebcc-17fd-4954-811f-3cdd0c30bf86","primary","P3M",1
"Tue Apr 13 01:07:13 2021","cer-rec","Operations and Maintenance (O&M) Activities ","1c47ebcc-17fd-4954-811f-3cdd0c30bf86","primary","P3M",1
"Tue Apr 13 02:24:00 2021","cer-rec","Operations and Maintenance (O&M) Activities ","1c47ebcc-17fd-4954-811f-3cdd0c30bf86","primary","P3M",1
"Tue Apr 13 03:39:58 2021","cer-rec","Operations and Maintenance (O&M) Activities ","1c47ebcc-17fd-4954-811f-3cdd0c30bf86","primary","P3M",1
"Tue Apr 13 04:39:56 2021","cer-rec","Operations and Maintenance (O&M) Activities ","1c47ebcc-17fd-4954-811f-3cdd0c30bf86","primary","P3M",1
"Tue Apr 13 05:34:47 2021","cer-rec","Operations and Maintenance (O&M) Activities ","1c47ebcc-17fd-4954-811f-3cdd0c30bf86","primary","P3M",1
"Tue Apr 13 06:36:30 2021","cer-rec","Operations and Maintenance (O&M) Activities ","1c47ebcc-17fd-4954-811f-3cdd0c30bf86","primary","P3M",1
"Tue Apr 13 07:36:41 2021","cer-rec","Operations and Maintenance (O&M) Activities ","1c47ebcc-17fd-4954-811f-3cdd0c30bf86","primary","P3M",1
"Tue Apr 13 08:35:07 2021","cer-rec","Operations and Maintenance (O&M) Activities ","1c47ebcc-17fd-4954-811f-3cdd0c30bf86","primary","P3M",1
"Tue Apr 13 09:36:26 2021","cer-rec","Operations and Maintenance (O&M) Activities ","1c47ebcc-17fd-4954-811f-3cdd0c30bf86","primary","P3M",1
"Tue Apr 13 10:35:15 2021","cer-rec","Operations and Maintenance (O&M) Activities ","1c47ebcc-17fd-4954-811f-3cdd0c30bf86","primary","P3M",1
"Tue Apr 13 11:31:42 2021","cer-rec","Operations and Maintenance (O&M) Activities ","1c47ebcc-17fd-4954-811f-3cdd0c30bf86","primary","P3M",1
"Tue Apr 13 12:40:54 2021","statcan","Length of time businesses or organizations expect to continue to operate at current revenue and expenditures, by business characteristics","2e05da06-5b0a-406b-af56-5f344f6d94e5","primary","as_needed",1
"Tue Apr 13 13:39:30 2021","dfo-mpo","Canadian Extreme Water Level Adaptation Tool (CAN-EWLAT)","a3edf193-5c56-4b38-bcc5-c8708c60ce38","fgp","as_needed",1
"Tue Apr 13 14:34:25 2021","dfo-mpo","Canadian Extreme Water Level Adaptation Tool (CAN-EWLAT)","a3edf193-5c56-4b38-bcc5-c8708c60ce38","fgp","as_needed",1
"Tue Apr 13 15:32:13 2021","dfo-mpo","Canadian Extreme Water Level Adaptation Tool (CAN-EWLAT)","a3edf193-5c56-4b38-bcc5-c8708c60ce38","fgp","as_needed",1
"Tue Apr 13 16:46:28 2021","dfo-mpo","Canadian Extreme Water Level Adaptation Tool (CAN-EWLAT)","a3edf193-5c56-4b38-bcc5-c8708c60ce38","fgp","as_needed",1
"Tue Apr 13 17:59:29 2021","dfo-mpo","Canadian Extreme Water Level Adaptation Tool (CAN-EWLAT)","a3edf193-5c56-4b38-bcc5-c8708c60ce38","fgp","as_needed",1
"Tue Apr 13 18:44:53 2021","dfo-mpo","Canadian Extreme Water Level Adaptation Tool (CAN-EWLAT)","a3edf193-5c56-4b38-bcc5-c8708c60ce38","fgp","as_needed",1
"Tue Apr 13 19:37:23 2021","dfo-mpo","Canadian Extreme Water Level Adaptation Tool (CAN-EWLAT)","a3edf193-5c56-4b38-bcc5-c8708c60ce38","fgp","as_needed",1
"Tue Apr 13 20:33:01 2021","dfo-mpo","Canadian Extreme Water Level Adaptation Tool (CAN-EWLAT)","a3edf193-5c56-4b38-bcc5-c8708c60ce38","fgp","as_needed",1
"Tue Apr 13 21:32:49 2021","dfo-mpo","Canadian Extreme Water Level Adaptation Tool (CAN-EWLAT)","a3edf193-5c56-4b38-bcc5-c8708c60ce38","fgp","as_needed",1
"Tue Apr 13 22:35:54 2021","dfo-mpo","Canadian Extreme Water Level Adaptation Tool (CAN-EWLAT)","a3edf193-5c56-4b38-bcc5-c8708c60ce38","fgp","as_needed",1
"Tue Apr 13 23:29:30 2021","dfo-mpo","Canadian Extreme Water Level Adaptation Tool (CAN-EWLAT)","a3edf193-5c56-4b38-bcc5-c8708c60ce38","fgp","as_needed",1
"Wed Apr 14 00:57:30 2021","dfo-mpo","Canadian Extreme Water Level Adaptation Tool (CAN-EWLAT)","a3edf193-5c56-4b38-bcc5-c8708c60ce38","fgp","as_needed",1
"Wed Apr 14 02:16:43 2021","dfo-mpo","Canadian Extreme Water Level Adaptation Tool (CAN-EWLAT)","a3edf193-5c56-4b38-bcc5-c8708c60ce38","fgp","as_needed",1
"Wed Apr 14 03:01:41 2021","dfo-mpo","Canadian Extreme Water Level Adaptation Tool (CAN-EWLAT)","a3edf193-5c56-4b38-bcc5-c8708c60ce38","fgp","as_needed",1
"Wed Apr 14 03:34:57 2021","dfo-mpo","Canadian Extreme Water Level Adaptation Tool (CAN-EWLAT)","a3edf193-5c56-4b38-bcc5-c8708c60ce38","fgp","as_needed",1
"Wed Apr 14 04:35:14 2021","dfo-mpo","Canadian Extreme Water Level Adaptation Tool (CAN-EWLAT)","a3edf193-5c56-4b38-bcc5-c8708c60ce38","fgp","as_needed",1
"Wed Apr 14 05:33:56 2021","dfo-mpo","Canadian Extreme Water Level Adaptation Tool (CAN-EWLAT)","a3edf193-5c56-4b38-bcc5-c8708c60ce38","fgp","as_needed",1
"Wed Apr 14 06:37:08 2021","dfo-mpo","Canadian Extreme Water Level Adaptation Tool (CAN-EWLAT)","a3edf193-5c56-4b38-bcc5-c8708c60ce38","fgp","as_needed",1
"Wed Apr 14 07:32:08 2021","dfo-mpo","Canadian Extreme Water Level Adaptation Tool (CAN-EWLAT)","a3edf193-5c56-4b38-bcc5-c8708c60ce38","fgp","as_needed",1
"Wed Apr 14 08:37:26 2021","dfo-mpo","Canadian Extreme Water Level Adaptation Tool (CAN-EWLAT)","a3edf193-5c56-4b38-bcc5-c8708c60ce38","fgp","as_needed",1
"Wed Apr 14 09:33:30 2021","dfo-mpo","Canadian Extreme Water Level Adaptation Tool (CAN-EWLAT)","a3edf193-5c56-4b38-bcc5-c8708c60ce38","fgp","as_needed",1
"Wed Apr 14 10:33:14 2021","dfo-mpo","Canadian Extreme Water Level Adaptation Tool (CAN-EWLAT)","a3edf193-5c56-4b38-bcc5-c8708c60ce38","fgp","as_needed",1
"Wed Apr 14 11:33:36 2021","dfo-mpo","Canadian Extreme Water Level Adaptation Tool (CAN-EWLAT)","a3edf193-5c56-4b38-bcc5-c8708c60ce38","fgp","as_needed",1
"Wed Apr 14 12:39:53 2021","statcan","Trucking financial statistics, by province and territory","afac9327-34c8-4ca1-9f64-03b7489cedfb","primary","P1Y",1
"Wed Apr 14 13:40:24 2021","statcan","Trucking financial statistics, by province and territory","afac9327-34c8-4ca1-9f64-03b7489cedfb","primary","P1Y",1
"Wed Apr 14 14:32:10 2021","statcan","Trucking financial statistics, by province and territory","afac9327-34c8-4ca1-9f64-03b7489cedfb","primary","P1Y",1
"Wed Apr 14 15:33:24 2021","statcan","Trucking financial statistics, by province and territory","afac9327-34c8-4ca1-9f64-03b7489cedfb","primary","P1Y",1
"Wed Apr 14 16:43:00 2021","statcan","Trucking financial statistics, by province and territory","afac9327-34c8-4ca1-9f64-03b7489cedfb","primary","P1Y",1
"Wed Apr 14 17:53:58 2021","statcan","Trucking financial statistics, by province and territory","afac9327-34c8-4ca1-9f64-03b7489cedfb","primary","P1Y",1
"Wed Apr 14 18:41:33 2021","statcan","Trucking financial statistics, by province and territory","afac9327-34c8-4ca1-9f64-03b7489cedfb","primary","P1Y",1
"Wed Apr 14 19:36:11 2021","statcan","Trucking financial statistics, by province and territory","afac9327-34c8-4ca1-9f64-03b7489cedfb","primary","P1Y",1
"Wed Apr 14 20:30:08 2021","statcan","Trucking financial statistics, by province and territory","afac9327-34c8-4ca1-9f64-03b7489cedfb","primary","P1Y",1
"Wed Apr 14 21:29:45 2021","statcan","Trucking financial statistics, by province and territory","afac9327-34c8-4ca1-9f64-03b7489cedfb","primary","P1Y",1
"Wed Apr 14 22:35:37 2021","statcan","Trucking financial statistics, by province and territory","afac9327-34c8-4ca1-9f64-03b7489cedfb","primary","P1Y",1
"Wed Apr 14 23:33:25 2021","statcan","Trucking financial statistics, by province and territory","afac9327-34c8-4ca1-9f64-03b7489cedfb","primary","P1Y",1
"Thu Apr 15 01:02:02 2021","statcan","Trucking financial statistics, by province and territory","afac9327-34c8-4ca1-9f64-03b7489cedfb","primary","P1Y",1
"Thu Apr 15 02:20:14 2021","statcan","Trucking financial statistics, by province and territory","afac9327-34c8-4ca1-9f64-03b7489cedfb","primary","P1Y",1
"Thu Apr 15 03:36:19 2021","statcan","Trucking financial statistics, by province and territory","afac9327-34c8-4ca1-9f64-03b7489cedfb","primary","P1Y",1
"Thu Apr 15 04:34:39 2021","statcan","Trucking financial statistics, by province and territory","afac9327-34c8-4ca1-9f64-03b7489cedfb","primary","P1Y",1
"Thu Apr 15 05:33:44 2021","statcan","Trucking financial statistics, by province and territory","afac9327-34c8-4ca1-9f64-03b7489cedfb","primary","P1Y",1
"Thu Apr 15 06:34:09 2021","statcan","Trucking financial statistics, by province and territory","afac9327-34c8-4ca1-9f64-03b7489cedfb","primary","P1Y",1
"Thu Apr 15 07:37:02 2021","statcan","Trucking financial statistics, by province and territory","afac9327-34c8-4ca1-9f64-03b7489cedfb","primary","P1Y",1
"Thu Apr 15 08:34:58 2021","statcan","Trucking financial statistics, by province and territory","afac9327-34c8-4ca1-9f64-03b7489cedfb","primary","P1Y",1
"Thu Apr 15 09:33:04 2021","statcan","Trucking financial statistics, by province and territory","afac9327-34c8-4ca1-9f64-03b7489cedfb","primary","P1Y",1
"Thu Apr 15 10:30:31 2021","statcan","Trucking financial statistics, by province and territory","afac9327-34c8-4ca1-9f64-03b7489cedfb","primary","P1Y",1
"Thu Apr 15 11:31:35 2021","statcan","Trucking financial statistics, by province and territory","afac9327-34c8-4ca1-9f64-03b7489cedfb","primary","P1Y",1
"Thu Apr 15 12:40:52 2021","statcan","Trucking financial statistics, by province and territory","afac9327-34c8-4ca1-9f64-03b7489cedfb","primary","P1Y",1
"Thu Apr 15 13:41:33 2021","statcan","Trucking financial statistics, by province and territory","afac9327-34c8-4ca1-9f64-03b7489cedfb","primary","P1Y",1
"Thu Apr 15 14:30:46 2021","statcan","Trucking financial statistics, by province and territory","afac9327-34c8-4ca1-9f64-03b7489cedfb","primary","P1Y",1
"Thu Apr 15 15:34:07 2021","statcan","Trucking financial statistics, by province and territory","afac9327-34c8-4ca1-9f64-03b7489cedfb","primary","P1Y",1
"Thu Apr 15 16:42:21 2021","psc-cfp","Briefing binder for the President of the Public Service Commission of Canada for the appearance before the Standing Committee on Official Languages - 2020-12-08","7f537f24-7289-4d88-8800-45954f71ad01","transition","not_planned",1
"Thu Apr 15 17:54:29 2021","psc-cfp","Briefing binder for the President of the Public Service Commission of Canada for the appearance before the Standing Committee on Official Languages - 2020-12-08","7f537f24-7289-4d88-8800-45954f71ad01","transition","not_planned",1
"Thu Apr 15 18:45:00 2021","psc-cfp","Briefing binder for the President of the Public Service Commission of Canada for the appearance before the Standing Committee on Official Languages - 2020-12-08","7f537f24-7289-4d88-8800-45954f71ad01","transition","not_planned",1
"Thu Apr 15 19:37:11 2021","psc-cfp","Briefing binder for the President of the Public Service Commission of Canada for the appearance before the Standing Committee on Official Languages - 2020-12-08","7f537f24-7289-4d88-8800-45954f71ad01","transition","not_planned",1
"Thu Apr 15 20:35:35 2021","psc-cfp","Briefing binder for the President of the Public Service Commission of Canada for the appearance before the Standing Committee on Official Languages - 2020-12-08","7f537f24-7289-4d88-8800-45954f71ad01","transition","not_planned",1
"Thu Apr 15 21:28:47 2021","psc-cfp","Briefing binder for the President of the Public Service Commission of Canada for the appearance before the Standing Committee on Official Languages - 2020-12-08","7f537f24-7289-4d88-8800-45954f71ad01","transition","not_planned",1
"Thu Apr 15 22:32:57 2021","psc-cfp","Briefing binder for the President of the Public Service Commission of Canada for the appearance before the Standing Committee on Official Languages - 2020-12-08","7f537f24-7289-4d88-8800-45954f71ad01","transition","not_planned",1
"Thu Apr 15 23:32:52 2021","psc-cfp","Briefing binder for the President of the Public Service Commission of Canada for the appearance before the Standing Committee on Official Languages - 2020-12-08","7f537f24-7289-4d88-8800-45954f71ad01","transition","not_planned",1
"Fri Apr 16 00:57:57 2021","psc-cfp","Briefing binder for the President of the Public Service Commission of Canada for the appearance before the Standing Committee on Official Languages - 2020-12-08","7f537f24-7289-4d88-8800-45954f71ad01","transition","not_planned",1
"Fri Apr 16 02:20:47 2021","psc-cfp","Briefing binder for the President of the Public Service Commission of Canada for the appearance before the Standing Committee on Official Languages - 2020-12-08","7f537f24-7289-4d88-8800-45954f71ad01","transition","not_planned",1
"Fri Apr 16 03:38:33 2021","psc-cfp","Briefing binder for the President of the Public Service Commission of Canada for the appearance before the Standing Committee on Official Languages - 2020-12-08","7f537f24-7289-4d88-8800-45954f71ad01","transition","not_planned",1
"Fri Apr 16 04:41:30 2021","psc-cfp","Briefing binder for the President of the Public Service Commission of Canada for the appearance before the Standing Committee on Official Languages - 2020-12-08","7f537f24-7289-4d88-8800-45954f71ad01","transition","not_planned",1
"Fri Apr 16 05:38:12 2021","psc-cfp","Briefing binder for the President of the Public Service Commission of Canada for the appearance before the Standing Committee on Official Languages - 2020-12-08","7f537f24-7289-4d88-8800-45954f71ad01","transition","not_planned",1
"Fri Apr 16 06:35:27 2021","psc-cfp","Briefing binder for the President of the Public Service Commission of Canada for the appearance before the Standing Committee on Official Languages - 2020-12-08","7f537f24-7289-4d88-8800-45954f71ad01","transition","not_planned",1
"Fri Apr 16 07:34:18 2021","psc-cfp","Briefing binder for the President of the Public Service Commission of Canada for the appearance before the Standing Committee on Official Languages - 2020-12-08","7f537f24-7289-4d88-8800-45954f71ad01","transition","not_planned",1
"Fri Apr 16 08:36:33 2021","psc-cfp","Briefing binder for the President of the Public Service Commission of Canada for the appearance before the Standing Committee on Official Languages - 2020-12-08","7f537f24-7289-4d88-8800-45954f71ad01","transition","not_planned",1
"Fri Apr 16 09:30:39 2021","psc-cfp","Briefing binder for the President of the Public Service Commission of Canada for the appearance before the Standing Committee on Official Languages - 2020-12-08","7f537f24-7289-4d88-8800-45954f71ad01","transition","not_planned",1
"Fri Apr 16 10:30:34 2021","psc-cfp","Briefing binder for the President of the Public Service Commission of Canada for the appearance before the Standing Committee on Official Languages - 2020-12-08","7f537f24-7289-4d88-8800-45954f71ad01","transition","not_planned",1
"Fri Apr 16 11:34:02 2021","psc-cfp","Briefing binder for the President of the Public Service Commission of Canada for the appearance before the Standing Committee on Official Languages - 2020-12-08","7f537f24-7289-4d88-8800-45954f71ad01","transition","not_planned",1
"Fri Apr 16 12:39:48 2021","psc-cfp","Briefing binder for the President of the Public Service Commission of Canada for the appearance before the Standing Committee on Official Languages - 2020-12-08","7f537f24-7289-4d88-8800-45954f71ad01","transition","not_planned",1
"Fri Apr 16 13:39:01 2021","psc-cfp","Briefing binder for the President of the Public Service Commission of Canada for the appearance before the Standing Committee on Official Languages - 2020-12-08","7f537f24-7289-4d88-8800-45954f71ad01","transition","not_planned",1
"Fri Apr 16 14:32:08 2021","psc-cfp","Briefing binder for the President of the Public Service Commission of Canada for the appearance before the Standing Committee on Official Languages - 2020-12-08","7f537f24-7289-4d88-8800-45954f71ad01","transition","not_planned",1
"Fri Apr 16 15:30:42 2021","psc-cfp","Briefing binder for the President of the Public Service Commission of Canada for the appearance before the Standing Committee on Official Languages - 2020-12-08","7f537f24-7289-4d88-8800-45954f71ad01","transition","not_planned",1
"Fri Apr 16 16:42:50 2021","polar-polaire","President’s transition binder","8ac2a02e-050f-4ba6-a518-2e41c9ebf534","transition_deputy","as_needed",1
"Fri Apr 16 17:55:39 2021","polar-polaire","President’s transition binder","8ac2a02e-050f-4ba6-a518-2e41c9ebf534","transition_deputy","as_needed",1
"Fri Apr 16 18:47:00 2021","polar-polaire","President’s transition binder","8ac2a02e-050f-4ba6-a518-2e41c9ebf534","transition_deputy","as_needed",1
"Fri Apr 16 19:34:55 2021","polar-polaire","President’s transition binder","8ac2a02e-050f-4ba6-a518-2e41c9ebf534","transition_deputy","as_needed",1
"Fri Apr 16 20:36:27 2021","polar-polaire","President’s transition binder","8ac2a02e-050f-4ba6-a518-2e41c9ebf534","transition_deputy","as_needed",1
"Fri Apr 16 21:32:13 2021","polar-polaire","President’s transition binder","8ac2a02e-050f-4ba6-a518-2e41c9ebf534","transition_deputy","as_needed",1
"Fri Apr 16 22:34:43 2021","polar-polaire","President’s transition binder","8ac2a02e-050f-4ba6-a518-2e41c9ebf534","transition_deputy","as_needed",1
"Fri Apr 16 23:34:31 2021","polar-polaire","President’s transition binder","8ac2a02e-050f-4ba6-a518-2e41c9ebf534","transition_deputy","as_needed",1
"Sat Apr 17 01:01:29 2021","polar-polaire","President’s transition binder","8ac2a02e-050f-4ba6-a518-2e41c9ebf534","transition_deputy","as_needed",1
"Sat Apr 17 02:18:22 2021","polar-polaire","President’s transition binder","8ac2a02e-050f-4ba6-a518-2e41c9ebf534","transition_deputy","as_needed",1
"Sat Apr 17 03:00:18 2021","polar-polaire","President’s transition binder","8ac2a02e-050f-4ba6-a518-2e41c9ebf534","transition_deputy","as_needed",1
"Sat Apr 17 03:37:51 2021","polar-polaire","President’s transition binder","8ac2a02e-050f-4ba6-a518-2e41c9ebf534","transition_deputy","as_needed",1
"Sat Apr 17 04:35:26 2021","polar-polaire","President’s transition binder","8ac2a02e-050f-4ba6-a518-2e41c9ebf534","transition_deputy","as_needed",1
